listing_id,title,url,price,age_days,review_count,favorites,review_velocity
4559819367,Personalized Zoo Book for Kids | Custom Name Children&#39;s Book | Birthday Gift,https://www.etsy.com/listing/4559819367/personalized-zoo-book-for-kids-custom,34.99,10.3,1,3,0.097
4550764161,Custom Photo Playing Cards for Wedding | Personalized Wedding Newspaper Guest Bo,https://www.etsy.com/listing/4550764161/custom-photo-playing-cards-for-wedding,9.73,25.5,2,166,0.079
4548387793,"Personalized First Prayer Book for Kids with Photo & Name, Christian Everyday Be",https://www.etsy.com/listing/4548387793/personalized-first-prayer-book-for-kids,27.58,29.3,2,29,0.068
4552841607,"Custom First Birthday Story Book for Baby Boy Girl, Personalized 1st Birthday Gi",https://www.etsy.com/listing/4552841607/custom-first-birthday-story-book-for,34.26,21.8,1,45,0.046
4551935590,"Personalized Mimi Book for Grandchild, Custom Name Mimi and Me Storybook, I Love",https://www.etsy.com/listing/4551935590/personalized-mimi-book-for-grandchild,52.5,23.6,1,11,0.042
4550286343,"Personalized Christian Goose Book, Custom Farm Storybook With Name, Baptism Gift",https://www.etsy.com/listing/4550286343/personalized-christian-goose-book-custom,22.5,26.2,1,16,0.038
4550232723,"Personalized All Characters Autograph Book, Mickey and Friends Signatures Book, ",https://www.etsy.com/listing/4550232723/personalized-all-characters-autograph,22.0,26.2,1,110,0.038
4549726824,"Personalized Christmas Book for Kids, Custom Name Storybook for Boy or Girl, Mag",https://www.etsy.com/listing/4549726824/personalized-christmas-book-for-kids,21.98,27.1,1,4,0.037
4548833685,"Personalized Christmas Gift for Kids, Custom Christmas Book, Personalized Story ",https://www.etsy.com/listing/4548833685/personalized-christmas-gift-for-kids,39.99,28.5,1,19,0.035
